flush privileges;

# Eliminando objetos si ya existen
DROP DATABASE IF EXISTS clinica;

CREATE DATABASE clinica;
USE clinica;

#creacion de tablas
create table tabesp(
code char(3) not null primary key,
nome varchar(25),
costo numeric(6,1)
);

create table Medicos(
codmed char(4) not null primary key,
codes  char(3),
nombre varchar(40),
colegiatura  int);

create table Citas(
nrocita int not null primary key,
codmed  char(4),
nompac  varchar(40),
tipo    int,
pago    numeric(8,1)
);


insert into tabesp values('E01','Otorinolaringologia',80);
insert into tabesp values('E02','Gatroenterologia',70);
insert into tabesp values('E03','Medicina general',40);
insert into tabesp values('E04','Dermatologia',65);
insert into tabesp values('E05','urologia',90);
insert into tabesp values('E06','Podologia',50);

insert into Medicos values('M001','E01','ABARCA MENDOZA, BRUCE HAMMER' ,1998);
insert into Medicos values('M002','E01','ALIAGA VALERO, JUAN CARLOS' ,1999);
insert into Medicos values('M003','E01','ARENAS AGUIRRE, JENRY' ,2006);
insert into Medicos values('M004','E01','BACA DAVILA, JHONNY MIGUEL' ,2002);
insert into Medicos values('M005','E02','BANCES MORALES, RENZO DIQUEZ' ,1996);
insert into Medicos values('M006','E02','BENITES GARCIA, MARTIN EDUARDO' ,1998);
insert into Medicos values('M007','E02','CANAZA PARI, CARLOS JAVIER' ,1997);
insert into Medicos values('M008','E02','CARRION MENDOZA, VICTOR HUGO' ,1999);
insert into Medicos values('M009','E03','CISNEROS YLLANES, HUGO ALFREDO' ,2001);
insert into Medicos values('M010','E03','DE LA CRUZ ANGELES, JAIRAM ANER' ,2002);
insert into Medicos values('M011','E03','FAJARDO ORELLANA, CARLOS DANIEL' ,2001);
insert into Medicos values('M012','E04','JAUREGUI FERNANDEZ, KEVIN ELVIZ' ,2003);
insert into Medicos values('M013','E04','JAUREGUI PALOMINO, LUZ MARIA ELIZABETH' ,2004);
insert into Medicos values('M014','E04','KENGUA MARTINEZ, ANGEL RUBEN' ,1996);
insert into Medicos values('M015','E04','KENGUA MARTINEZ, ANGEL RUBEN' ,1997);
insert into Medicos values('M016','E05','LOPEZ SALAZAR, JOSE BRIAN' ,1995);
insert into Medicos values('M017','E05','MARTINEZ HUMPIRI, JUAN CARLOS' ,1994);
insert into Medicos values('M018','E05','NAVARRO AEDO, HERMAN' ,1999);
insert into Medicos values('M019','E05','ORELLANA ESPIRITU, JUAN JOSE' ,1998);
insert into Medicos values('M020','E06','PACHECO RODRIGUEZ, ALVARO ELI' ,1998);
insert into Medicos values('M021','E06','REYES PEREZ, KELLY DENISSE' ,2001);
insert into Medicos values('M022','E06','RODRIGUEZ AVALOS, KATHERINE ESTEFANI' ,2003);
insert into Medicos values('M023','E06','RUIZ MORALES, LUIS ALBERTO' ,2004);

INSERT INTO CITAS VALUES(10001,'M001','SEDANO MANTILLA, RANDY DANILO',2,50);
INSERT INTO CITAS VALUES(10002,'M001','SILVERA SIANCAS, ISAAC',3,50);
INSERT INTO CITAS VALUES(10003,'M001','VASQUEZ FERRE, FRANK JUNIOR',1,30);
INSERT INTO CITAS VALUES(10004,'M001','VEGA FLORES, MARIA LUISA',1,20);
INSERT INTO CITAS VALUES(10005,'M002','VENTURA PEREZ, JOSE ANTONIO',2,40);
INSERT INTO CITAS VALUES(10006,'M002','RUTH ROJAS MENDOZA',2,50);
INSERT INTO CITAS VALUES(10007,'M002','CAMPOS BALLESTEROS MARITZA',3,60);
INSERT INTO CITAS VALUES(10008,'M003','VERA CHIHUAN, CARLOS ALBERTO',3,40);
INSERT INTO CITAS VALUES(10009,'M003','VIDAL ORBEGOZO, JESUS JOEL',3,10);
INSERT INTO CITAS VALUES(10010,'M004','VILCHEZ GALAN, PEDRO CARLOS',1,20);
INSERT INTO CITAS VALUES(10011,'M004','ALMONTE RIVERA, DENNIS OBED',3,40);
INSERT INTO CITAS VALUES(10012,'M004','ANDRADE ZUASNABAR, DANIELA',2,60);
INSERT INTO CITAS VALUES(10013,'M005','BRICEÑO PORTILLA, WALTER ALFONSO',3,60);
INSERT INTO CITAS VALUES(10014,'M005','CAMPOS CASTILLO, CARLA HELIN',3,70);
INSERT INTO CITAS VALUES(10015,'M005','CARDENAS ZEGARRA, EMILIO YANG',1,50);

INSERT INTO CITAS VALUES(10016,'M004','CHUCHON VASQUEZ, JOHEL',1,70);
INSERT INTO CITAS VALUES(10017,'M004','FLORES VILLAR, MERY YAKELY',1,60);
INSERT INTO CITAS VALUES(10018,'M004','GUITTON ARTEAGA, CHARLY ELADIO',1,60);
INSERT INTO CITAS VALUES(10019,'M005','HUARANCCA TAIPE, CINTHYA MILAGROS',2,80);
INSERT INTO CITAS VALUES(10020,'M005','LIZARBE GUEVARA, VICTOR RICARDO FRANCO',2,50);
INSERT INTO CITAS VALUES(10021,'M005','OSORIO MALDONADO, DANIELA LUZ',1,30);

INSERT INTO CITAS VALUES(10022,'M006','SEDANO MANTILLA, RANDY DANILO',2,40);
INSERT INTO CITAS VALUES(10023,'M006','SILVERA SIANCAS, ISAAC',2,50);
INSERT INTO CITAS VALUES(10024,'M006','VASQUEZ FERRE, FRANK JUNIOR',2,30);
INSERT INTO CITAS VALUES(10025,'M007','VEGA FLORES, MARIA LUISA',3,40);
INSERT INTO CITAS VALUES(10026,'M007','VENTURA PEREZ, JOSE ANTONIO',3,60);
INSERT INTO CITAS VALUES(10027,'M007','RUTH ROJAS MENDOZA',4,50);
INSERT INTO CITAS VALUES(10028,'M008','CAMPOS BALLESTEROS MARITZA',3,60);
INSERT INTO CITAS VALUES(10029,'M008','VERA CHIHUAN, CARLOS ALBERTO',1,70);
INSERT INTO CITAS VALUES(10030,'M008','VIDAL ORBEGOZO, JESUS JOEL',1,55);
INSERT INTO CITAS VALUES(10031,'M008','VILCHEZ GALAN, PEDRO CARLOS',4,45);
INSERT INTO CITAS VALUES(10032,'M009','ALMONTE RIVERA, DENNIS OBED',1,50);
INSERT INTO CITAS VALUES(10033,'M010','ANDRADE ZUASNABAR, DANIELA',1,50);
INSERT INTO CITAS VALUES(10034,'M010','BRICEÑO PORTILLA, WALTER ALFONSO',3,50);
INSERT INTO CITAS VALUES(10035,'M010','CAMPOS CASTILLO, CARLA HELIN',2,50);
INSERT INTO CITAS VALUES(10036,'M011','CARDENAS ZEGARRA, EMILIO YANG',1,50);

INSERT INTO CITAS VALUES(10037,'M011','CHUCHON VASQUEZ, JOHEL',1,50);
INSERT INTO CITAS VALUES(10038,'M011','FLORES VILLAR, MERY YAKELY',2,50);
INSERT INTO CITAS VALUES(10039,'M012','GUITTON ARTEAGA, CHARLY ELADIO',2,50);
INSERT INTO CITAS VALUES(10040,'M012','HUARANCCA TAIPE, CINTHYA MILAGROS',2,50);
INSERT INTO CITAS VALUES(10041,'M012','LIZARBE GUEVARA, VICTOR RICARDO FRANCO',2,50);
INSERT INTO CITAS VALUES(10042,'M013','OSORIO MALDONADO, DANIELA LUZ',2,50);







 


